District_code,State_name,District_name,Type_of_bathing_facility_Enclosure_without_roof,Not_having_bathing_facility_within_the_premises,Not_having_latrine_facility_within_the_premises,Main_source_of_drinking_water_Un_covered_well
1,JAMMU_AND_KASHMIR,Kupwara,3667,40416,44123,11127
2,JAMMU_AND_KASHMIR,Badgam,3959,15834,10642,699
3,JAMMU_AND_KASHMIR,Leh(Ladakh),920,10473,1781,64
4,JAMMU_AND_KASHMIR,Kargil,330,6325,482,1
5,JAMMU_AND_KASHMIR,Punch,3421,69089,70470,17702
6,JAMMU_AND_KASHMIR,Rajouri,4487,101530,104506,17991
7,JAMMU_AND_KASHMIR,Kathua,18841,70464,90118,8616
8,JAMMU_AND_KASHMIR,Baramula,4892,24891,28142,2813
9,JAMMU_AND_KASHMIR,Bandipore,2029,12871,13219,723
10,JAMMU_AND_KASHMIR,Srinagar,2302,3185,2448,38
11,JAMMU_AND_KASHMIR,Ganderbal,1879,10082,10107,151
12,JAMMU_AND_KASHMIR,Pulwama,3940,19492,25493,212
13,JAMMU_AND_KASHMIR,Shupiyan,1382,8412,14426,217
14,JAMMU_AND_KASHMIR,Anantnag,5789,44877,51493,1024
15,JAMMU_AND_KASHMIR,Kulgam,2742,28230,34785,354
16,JAMMU_AND_KASHMIR,Doda,2424,51904,54409,2915
17,JAMMU_AND_KASHMIR,Ramban,1756,41071,41793,3588
18,JAMMU_AND_KASHMIR,Kishtwar,1120,31908,33057,930
19,JAMMU_AND_KASHMIR,Udhampur,3121,72020,74546,9401
20,JAMMU_AND_KASHMIR,Reasi,2168,43637,45939,4765
21,JAMMU_AND_KASHMIR,Jammu,70235,70651,134732,6884
22,JAMMU_AND_KASHMIR,Samba,20487,19255,41899,3488
23,HIMACHAL_PRADESH,Chamba,5918,55680,48216,131
24,HIMACHAL_PRADESH,Kangra,29333,106432,113703,4712
25,HIMACHAL_PRADESH,Lahul_AND_Spiti,313,1749,1370,1
26,HIMACHAL_PRADESH,Kullu,9243,29416,38489,568
27,HIMACHAL_PRADESH,Mandi,12209,44956,35509,1899
28,HIMACHAL_PRADESH,Hamirpur,4844,18159,10386,1443
29,HIMACHAL_PRADESH,Una,17728,22431,42761,2205
30,HIMACHAL_PRADESH,Bilaspur,3495,19340,22867,2143
31,HIMACHAL_PRADESH,Solan,5651,17492,30436,2249
32,HIMACHAL_PRADESH,Sirmaur,7172,23002,35731,2064
33,HIMACHAL_PRADESH,Shimla,11414,27414,52807,2187
34,HIMACHAL_PRADESH,Kinnaur,1452,5633,5715,42
35,PUNJAB,Gurdaspur,130717,71161,167226,1572
36,PUNJAB,Kapurthala,21714,16265,26372,85
37,PUNJAB,Jalandhar,45285,31197,58400,280
38,PUNJAB,Hoshiarpur,70856,43964,116787,1721
39,PUNJAB,Shahid_Bhagat_Singh_Nagar,21708,12764,36851,153
40,PUNJAB,Fatehgarh_Sahib,12800,11286,14898,81
41,PUNJAB,Ludhiana,64464,46872,41470,559
42,PUNJAB,Moga,37136,19725,22074,185
43,PUNJAB,Firozpur,89728,70407,95696,602
44,PUNJAB,Muktsar,47771,20604,37841,187
45,PUNJAB,Faridkot,25424,11160,17282,81
46,PUNJAB,Bathinda,55818,24586,26191,320
47,PUNJAB,Mansa,34108,19108,41129,93
48,PUNJAB,Patiala,34749,34655,48546,361
49,PUNJAB,Amritsar,102374,49345,96836,291
50,PUNJAB,Tarn_Taran,60940,40474,63108,209
51,PUNJAB,Rupnagar,19499,18544,42740,3524
52,PUNJAB,Sahibzada_Ajit_Singh_Nagar,15996,16177,38196,696
53,PUNJAB,Sangrur,35034,31115,45560,275
54,PUNJAB,Barnala,18394,9932,16042,40
55,CHANDIGARH,Chandigarh,7208,24260,7578,45
56,UTTARAKHAND,Uttarkashi,6485,30422,36757,724
57,UTTARAKHAND,Chamoli,3277,39218,38880,537
58,UTTARAKHAND,Rudraprayag,2621,23515,24804,545
59,UTTARAKHAND,Tehri_Garhwal,6742,54979,58038,1499
60,UTTARAKHAND,Dehradun,13102,38856,39141,352
61,UTTARAKHAND,Garhwal,8527,57513,70651,399
62,UTTARAKHAND,Pithoragarh,5444,53505,48784,1194
63,UTTARAKHAND,Bageshwar,2582,29514,25351,869
64,UTTARAKHAND,Almora,6942,62139,59948,940
65,UTTARAKHAND,Champawat,3229,28354,27530,1062
66,UTTARAKHAND,Nainital,9035,42087,36317,433
67,UTTARAKHAND,Udham_Singh_Nagar,44064,92583,89257,86
68,UTTARAKHAND,Hardwar,64340,59821,105217,156
69,HARYANA,Panchkula,8503,15676,30235,558
70,HARYANA,Ambala,29343,21888,59615,252
71,HARYANA,Yamunanagar,43977,34579,77478,360
72,HARYANA,Kurukshetra,22616,26469,38913,40
73,HARYANA,Kaithal,26926,46665,67766,1443
74,HARYANA,Karnal,39846,46402,63073,151
75,HARYANA,Panipat,24901,29290,40371,712
76,HARYANA,Sonipat,29972,44868,83116,5630
77,HARYANA,Jind,30674,58265,94342,15600
78,HARYANA,Fatehabad,41778,23875,37401,228
79,HARYANA,Sirsa,60969,23910,19978,178
80,HARYANA,Hisar,40677,51131,87692,12798
81,HARYANA,Bhiwani,41570,66898,130566,22116
82,HARYANA,Rohtak,17619,28543,53703,8169
83,HARYANA,Jhajjar,20490,29566,58314,5301
84,HARYANA,Mahendragarh,29560,55196,92928,4493
85,HARYANA,Rewari,25447,34324,67834,2055
86,HARYANA,Gurgaon,22951,29933,44529,587
87,HARYANA,Mewat,51790,64528,119303,22895
88,HARYANA,Faridabad,33041,39254,49424,188
89,HARYANA,Palwal,35447,55192,91359,4463
90,NCT_OF_DELHI,North_West,38109,96344,38562,256
91,NCT_OF_DELHI,North,6732,15625,4534,122
92,NCT_OF_DELHI,North_East,18348,22461,2465,60
93,NCT_OF_DELHI,East,8919,21007,5592,33
94,NCT_OF_DELHI,New_Delhi,2069,3338,600,6
95,NCT_OF_DELHI,Central,3164,9796,706,15
96,NCT_OF_DELHI,West,13603,48748,11801,47
97,NCT_OF_DELHI,South_West,17709,30592,19701,37
98,NCT_OF_DELHI,South,26544,50443,25388,50
99,RAJASTHAN,Ganganagar,127944,41488,54612,5249
100,RAJASTHAN,Hanumangarh,87483,50786,48544,1005
101,RAJASTHAN,Bikaner,83670,74939,179589,2717
102,RAJASTHAN,Churu,48243,79231,145862,9512
103,RAJASTHAN,Jhunjhunun,55618,86586,177248,17774
104,RAJASTHAN,Alwar,131914,298077,452398,40306
105,RAJASTHAN,Bharatpur,109417,225423,335465,101271
106,RAJASTHAN,Dhaulpur,48392,124681,168235,25201
107,RAJASTHAN,Karauli,35584,193293,220149,47230
108,RAJASTHAN,Sawai_Madhopur,34744,172608,201034,43743
109,RAJASTHAN,Dausa,37470,205499,239174,25416
110,RAJASTHAN,Jaipur,117380,329137,447406,32079
111,RAJASTHAN,Sikar,62584,117400,221761,18835
112,RAJASTHAN,Nagaur,101530,190413,372135,43217
113,RAJASTHAN,Jodhpur,152949,145116,373683,5894
114,RAJASTHAN,Jaisalmer,44804,33971,85629,5029
115,RAJASTHAN,Barmer,140713,213082,379069,50702
116,RAJASTHAN,Jalor,74892,184302,276968,39607
117,RAJASTHAN,Sirohi,30147,111180,147134,29684
118,RAJASTHAN,Pali,101128,153994,298830,52682
119,RAJASTHAN,Ajmer,90539,178883,273445,54856
120,RAJASTHAN,Tonk,44587,175062,216562,33020
121,RAJASTHAN,Bundi,39413,142435,176706,10391
122,RAJASTHAN,Bhilwara,107525,261752,372754,72387
123,RAJASTHAN,Rajsamand,46691,140037,194683,45811
124,RAJASTHAN,Dungarpur,23894,221093,244283,48397
125,RAJASTHAN,Banswara,28704,293669,318917,57089
126,RAJASTHAN,Chittaurgarh,65107,187661,252808,12138
127,RAJASTHAN,Kota,75521,114488,177058,4748
128,RAJASTHAN,Baran,53021,147359,194869,19620
129,RAJASTHAN,Jhalawar,63966,171622,230127,65833
130,RAJASTHAN,Udaipur,68434,394844,462355,143281
131,RAJASTHAN,Pratapgarh,20699,135642,155582,45188
132,UTTAR_PRADESH,Saharanpur,156879,120103,239746,276
133,UTTAR_PRADESH,Muzaffarnagar,188262,127659,224196,264
134,UTTAR_PRADESH,Bijnor,163918,158529,241776,423
135,UTTAR_PRADESH,Moradabad,191336,252330,277898,192
136,UTTAR_PRADESH,Rampur,86984,138878,128383,167
137,UTTAR_PRADESH,Jyotiba_Phule_Nagar,77061,107794,142499,70
138,UTTAR_PRADESH,Meerut,120307,70961,138075,177
139,UTTAR_PRADESH,Baghpat,49229,35504,70979,90
140,UTTAR_PRADESH,Ghaziabad,122759,79242,122299,484
141,UTTAR_PRADESH,Gautam_Buddha_Nagar,40743,39353,63419,169
142,UTTAR_PRADESH,Bulandshahr,147642,189571,319152,412
143,UTTAR_PRADESH,Aligarh,136641,247789,342650,1312
144,UTTAR_PRADESH,Mahamaya_Nagar,71551,112387,182253,658
145,UTTAR_PRADESH,Mathura,95357,170393,250276,32876
146,UTTAR_PRADESH,Agra,168983,208928,346392,18146
147,UTTAR_PRADESH,Firozabad,118460,175141,260946,2815
148,UTTAR_PRADESH,Mainpuri,95552,152862,235811,2801
149,UTTAR_PRADESH,Budaun,165827,348233,413886,232
150,UTTAR_PRADESH,Bareilly,162861,317373,273309,330
151,UTTAR_PRADESH,Pilibhit,83801,192083,195327,307
152,UTTAR_PRADESH,Shahjahanpur,136697,274337,314750,1670
153,UTTAR_PRADESH,Kheri,175736,432138,528038,6366
154,UTTAR_PRADESH,Sitapur,263427,422518,641721,35189
155,UTTAR_PRADESH,Hardoi,238791,366982,526586,28171
156,UTTAR_PRADESH,Unnao,242027,204923,421063,32612
157,UTTAR_PRADESH,Lucknow,166876,167977,264904,4305
158,UTTAR_PRADESH,Rae_Bareli,197119,316470,496404,52141
159,UTTAR_PRADESH,Farrukhabad,103956,125177,191738,1018
160,UTTAR_PRADESH,Kannauj,100866,121323,189584,1521
161,UTTAR_PRADESH,Etawah,90605,109321,179462,13009
162,UTTAR_PRADESH,Auraiya,88221,98193,173401,14725
163,UTTAR_PRADESH,Kanpur_Dehat,128251,132228,236222,21093
164,UTTAR_PRADESH,Kanpur_Nagar,185986,173925,261724,9901
165,UTTAR_PRADESH,Jalaun,112827,80592,169958,10397
166,UTTAR_PRADESH,Jhansi,98704,119728,203714,32093
167,UTTAR_PRADESH,Lalitpur,50701,133605,174332,31045
168,UTTAR_PRADESH,Hamirpur,70920,89299,138777,9366
169,UTTAR_PRADESH,Mahoba,39526,92907,120241,25175
170,UTTAR_PRADESH,Banda,77484,189674,229093,20876
171,UTTAR_PRADESH,Chitrakoot,26142,122672,138768,18242
172,UTTAR_PRADESH,Fatehpur,115757,261413,351478,42732
173,UTTAR_PRADESH,Pratapgarh,109412,347918,453301,69561
174,UTTAR_PRADESH,Kaushambi,56732,183670,226461,15274
175,UTTAR_PRADESH,Allahabad,128533,524750,605430,128221
176,UTTAR_PRADESH,Bara_Banki,204892,262454,457582,17032
177,UTTAR_PRADESH,Faizabad,152970,179365,318398,5435
178,UTTAR_PRADESH,Ambedkar_Nagar,97742,217499,290630,408
179,UTTAR_PRADESH,Sultanpur,178828,348963,518386,47690
180,UTTAR_PRADESH,Bahraich,160166,372102,497488,8513
181,UTTAR_PRADESH,Shrawasti,60041,112773,161938,11231
182,UTTAR_PRADESH,Balrampur,102083,179463,271088,12517
183,UTTAR_PRADESH,Gonda,164871,286816,465130,2818
184,UTTAR_PRADESH,Siddharthnagar,105743,227713,324868,899
185,UTTAR_PRADESH,Basti,113571,206889,313198,642
186,UTTAR_PRADESH,Sant_Kabir_Nagar,86082,134710,216703,369
187,UTTAR_PRADESH,Mahrajganj,133875,231532,337898,299
188,UTTAR_PRADESH,Gorakhpur,206366,305160,470195,934
189,UTTAR_PRADESH,Kushinagar,178396,292163,456698,580
190,UTTAR_PRADESH,Deoria,159735,215122,364808,334
191,UTTAR_PRADESH,Azamgarh,170141,360869,514537,1647
192,UTTAR_PRADESH,Mau,86478,160684,229363,407
193,UTTAR_PRADESH,Ballia,136819,264457,350972,2135
194,UTTAR_PRADESH,Jaunpur,119186,427293,523430,50739
195,UTTAR_PRADESH,Ghazipur,129092,308796,402597,18183
196,UTTAR_PRADESH,Chandauli,61596,165398,216711,41519
197,UTTAR_PRADESH,Varanasi,60437,239951,237407,39259
198,UTTAR_PRADESH,Sant_Ravidas_Nagar_(Bhadohi),28190,151593,175388,42579
199,UTTAR_PRADESH,Mirzapur,59449,259801,282768,62226
200,UTTAR_PRADESH,Sonbhadra,39905,236217,242493,57297
201,UTTAR_PRADESH,Etah,85921,148785,229261,1322
202,UTTAR_PRADESH,Kanshiram_Nagar,68219,127580,177723,1072
203,BIHAR,Pashchim_Champaran,211606,437171,588382,5830
204,BIHAR,Purba_Champaran,289405,593239,796841,6973
205,BIHAR,Sheohar,41108,96771,116626,389
206,BIHAR,Sitamarhi,150255,515457,573730,2238
207,BIHAR,Madhubani,172231,665636,725870,2224
208,BIHAR,Supaul,134630,288303,389547,1260
209,BIHAR,Araria,204426,336412,505071,718
210,BIHAR,Kishanganj,94113,227276,297250,7220
211,BIHAR,Purnia,197240,406700,547032,1415
212,BIHAR,Katihar,160030,416214,501555,3749
213,BIHAR,Madhepura,119783,261973,345092,1604
214,BIHAR,Saharsa,87915,254791,302007,3285
215,BIHAR,Darbhanga,175999,558119,592201,868
216,BIHAR,Muzaffarpur,232633,601477,679781,6804
217,BIHAR,Gopalganj,155311,212682,333174,950
218,BIHAR,Siwan,204642,268199,414315,1883
219,BIHAR,Saran,203347,365086,495841,24127
220,BIHAR,Vaishali,152019,423744,453163,31303
221,BIHAR,Samastipur,149960,636826,683046,20018
222,BIHAR,Begusarai,123977,402886,399392,14845
223,BIHAR,Khagaria,59622,238927,245535,1604
224,BIHAR,Bhagalpur,119362,354576,362961,58207
225,BIHAR,Banka,65488,291584,330510,94533
226,BIHAR,Munger,59858,154189,158542,48900
227,BIHAR,Lakhisarai,39423,103772,109840,21038
228,BIHAR,Sheikhpura,22966,68730,72266,8860
229,BIHAR,Nalanda,122948,307024,330701,38426
230,BIHAR,Patna,223867,394646,433555,32808
231,BIHAR,Bhojpur,152852,199143,296961,4543
232,BIHAR,Buxar,92957,131627,194429,4471
233,BIHAR,Kaimur_(Bhabua),67674,146929,201917,17969
234,BIHAR,Rohtas,163333,207416,322377,8126
235,BIHAR,Aurangabad,116469,220613,298422,12987
236,BIHAR,Gaya,164629,429584,516431,57516
237,BIHAR,Nawada,91060,214692,265929,23777
238,BIHAR,Jamui,43913,244121,260059,117154
239,BIHAR,Jehanabad,49655,106874,129431,5236
240,BIHAR,Arwal,41524,66370,88764,2380
241,SIKKIM,North__District,390,3739,1904,12
242,SIKKIM,West_District,867,11900,4038,140
243,SIKKIM,South_District,1059,10462,3810,27
244,SIKKIM,East_District,2189,14165,4760,35
245,ARUNACHAL_PRADESH,Tawang,529,5915,2345,16
246,ARUNACHAL_PRADESH,West_Kameng,1108,8984,7471,30
247,ARUNACHAL_PRADESH,East_Kameng,1980,10133,9232,296
248,ARUNACHAL_PRADESH,Papum_Pare,4155,10424,6313,2472
249,ARUNACHAL_PRADESH,Upper_Subansiri,2297,10534,8032,112
250,ARUNACHAL_PRADESH,West_Siang,3972,9782,4173,199
251,ARUNACHAL_PRADESH,East_Siang,3430,10696,6857,733
252,ARUNACHAL_PRADESH,Upper_Siang,1125,4472,2650,7
253,ARUNACHAL_PRADESH,Changlang,3167,18707,8346,3501
254,ARUNACHAL_PRADESH,Tirap,2782,12903,1966,1425
255,ARUNACHAL_PRADESH,Lower_Subansiri,2620,6330,3564,505
256,ARUNACHAL_PRADESH,Kurung_Kumey,1283,13789,11332,951
257,ARUNACHAL_PRADESH,Dibang_Valley,489,924,453,6
258,ARUNACHAL_PRADESH,Lower_Dibang_Valley,1525,5938,4246,154
259,ARUNACHAL_PRADESH,Lohit,4619,17601,11169,925
260,ARUNACHAL_PRADESH,Anjaw,369,3116,2904,3
261,NAGALAND,Mon,15494,13274,9808,8701
262,NAGALAND,Mokokchung,11729,1051,466,4046
263,NAGALAND,Zunheboto,10181,4048,6118,3079
264,NAGALAND,Wokha,14820,3858,9275,10151
265,NAGALAND,Dimapur,17283,7325,2923,27068
266,NAGALAND,Phek,12029,7994,5592,1364
267,NAGALAND,Tuensang,9999,8692,12734,5921
268,NAGALAND,Longleng,4982,3143,3309,2851
269,NAGALAND,Kiphire,5625,3464,7225,1025
270,NAGALAND,Kohima,11980,9135,5271,7386
271,NAGALAND,Peren,6279,8138,3395,4806
272,MANIPUR,Senapati,10721,18166,4103,2708
273,MANIPUR,Tamenglong,5464,14288,6751,1827
274,MANIPUR,Churachandpur,15062,21174,7906,5334
275,MANIPUR,Bishnupur,7025,28383,2101,245
276,MANIPUR,Thoubal,12641,55553,4473,1242
277,MANIPUR,Imphal_West,16724,42909,3394,3836
278,MANIPUR,Imphal_East,13904,42523,5152,4804
279,MANIPUR,Ukhrul,12561,7222,5613,1525
280,MANIPUR,Chandel,7493,17486,5737,2150
281,MIZORAM,Mamit,2458,8259,2166,508
282,MIZORAM,Kolasib,2926,6002,505,720
283,MIZORAM,Aizawl,5052,8151,531,1798
284,MIZORAM,Champhai,2958,4502,777,839
285,MIZORAM,Serchhip,1305,758,186,142
286,MIZORAM,Lunglei,3686,9721,3780,409
287,MIZORAM,Lawngtlai,2022,14388,6012,722
288,MIZORAM,Saiha,1456,3327,593,921
289,TRIPURA,West_Tripura,61546,237123,29161,65588
290,TRIPURA,South_Tripura,18215,166967,24770,45913
291,TRIPURA,Dhalai,8028,67110,22681,34233
292,TRIPURA,North_Tripura,23626,100827,20007,60499
293,MEGHALAYA,West_Garo_Hills,8268,100195,44883,36282
294,MEGHALAYA,East_Garo_Hills,4032,49442,8903,22324
295,MEGHALAYA,South_Garo_Hills,1308,21861,7125,2859
296,MEGHALAYA,West_Khasi_Hills,4358,47639,31802,12147
297,MEGHALAYA,Ribhoi,3900,35246,14246,6450
298,MEGHALAYA,East_Khasi_Hills,7511,51730,46438,9885
299,MEGHALAYA,Jaintia_Hills,4732,19006,31175,9355
300,ASSAM,Kokrajhar,7298,151939,122721,63325
301,ASSAM,Dhubri,44965,326723,227720,21276
302,ASSAM,Goalpara,28313,137364,65521,53175
303,ASSAM,Barpeta,43884,241320,91338,12995
304,ASSAM,Morigaon,41027,119776,70827,15187
305,ASSAM,Nagaon,126332,310683,130846,58447
306,ASSAM,Sonitpur,77357,208948,151100,186802
307,ASSAM,Lakhimpur,30048,129368,82105,74157
308,ASSAM,Dhemaji,18499,91817,68137,9430
309,ASSAM,Tinsukia,79257,100904,45578,12270
310,ASSAM,Dibrugarh,80610,95182,52488,8469
311,ASSAM,Sivasagar,63970,87778,59078,13465
312,ASSAM,Jorhat,53759,87299,73819,15163
313,ASSAM,Golaghat,58826,101333,67704,12162
314,ASSAM,Karbi_Anglong,24733,125131,75823,66089
315,ASSAM,Dima_Hasao,5196,26967,11368,11120
316,ASSAM,Cachar,69335,208777,61819,98179
317,ASSAM,Karimganj,47728,148386,30512,54614
318,ASSAM,Hailakandi,25373,94492,20930,24726
319,ASSAM,Bongaigaon,14080,103287,63535,46422
320,ASSAM,Chirang,4019,83083,65652,41035
321,ASSAM,Kamrup,44163,180767,118859,36031
322,ASSAM,Kamrup_Metropolitan,28765,38359,19760,66100
323,ASSAM,Nalbari,33465,74497,48936,2272
324,ASSAM,Baksa,14939,158994,111170,41955
325,ASSAM,Darrang,20534,141263,89323,9761
326,ASSAM,Udalguri,14568,133757,89893,41088
327,WEST_BENGAL,Darjiling,27452,185749,113759,78413
328,WEST_BENGAL,Jalpaiguri,93611,558861,420086,321013
329,WEST_BENGAL,Koch_Bihar,118078,455523,263996,46823
330,WEST_BENGAL,Uttar_Dinajpur,103692,419150,426513,9714
331,WEST_BENGAL,Dakshin_Dinajpur,24480,309459,243214,2362
332,WEST_BENGAL,Maldah,66351,663206,557771,68379
333,WEST_BENGAL,Murshidabad,133537,1173735,916194,7421
334,WEST_BENGAL,Birbhum,42478,626077,611420,38633
335,WEST_BENGAL,Barddhaman,152208,900960,711790,90491
336,WEST_BENGAL,Nadia,153113,775536,253279,2492
337,WEST_BENGAL,North_Twenty_Four_Parganas,264594,1044008,193736,4214
338,WEST_BENGAL,Hugli,109497,656133,323189,2976
339,WEST_BENGAL,Bankura,24836,620388,596940,79084
340,WEST_BENGAL,Puruliya,15147,503023,496505,157386
341,WEST_BENGAL,Haora,83143,573975,214385,5450
342,WEST_BENGAL,Kolkata,79653,96067,7003,1735
343,WEST_BENGAL,South_Twenty_Four_Parganas,120236,1363655,614419,1010
344,WEST_BENGAL,Paschim_Medinipur,65371,1010859,659825,158649
345,WEST_BENGAL,Purba_Medinipur,74445,933138,127264,652
346,JHARKHAND,Garhwa,26985,217394,235673,58397
347,JHARKHAND,Chatra,20458,149670,160584,79816
348,JHARKHAND,Kodarma,15144,86146,94305,61855
349,JHARKHAND,Giridih,36818,326037,346275,258543
350,JHARKHAND,Deoghar,20996,208631,215417,99127
351,JHARKHAND,Godda,20793,215181,222671,61679
352,JHARKHAND,Sahibganj,18636,189297,188804,55900
353,JHARKHAND,Pakur,6561,164816,160564,25425
354,JHARKHAND,Dhanbad,69942,274261,293970,119821
355,JHARKHAND,Bokaro,40706,242118,256789,126869
356,JHARKHAND,Lohardaga,7870,74967,77190,44537
357,JHARKHAND,Purbi_Singhbhum,31914,237166,228166,80169
358,JHARKHAND,Palamu,54485,273382,307490,86426
359,JHARKHAND,Latehar,9225,116279,117894,50470
360,JHARKHAND,Hazaribagh,37676,221231,239941,185509
361,JHARKHAND,Ramgarh,19453,109925,116609,80525
362,JHARKHAND,Dumka,12545,244300,243925,71859
363,JHARKHAND,Jamtara,7022,132344,134521,38510
364,JHARKHAND,Ranchi,57602,319732,318145,213369
365,JHARKHAND,Khunti,4896,92585,93249,57827
366,JHARKHAND,Gumla,8531,169668,167645,121359
367,JHARKHAND,Simdega,4137,107378,106287,65409
368,JHARKHAND,Pashchimi_Singhbhum,8711,265002,261618,54151
369,JHARKHAND,Saraikela-Kharsawan,12706,171670,171601,41678
370,ORISSA,Bargarh,9617,329478,309895,21255
371,ORISSA,Jharsuguda,5989,100167,98044,27417
372,ORISSA,Sambalpur,9064,192523,188591,39884
373,ORISSA,Debagarh,1929,70097,68517,13501
374,ORISSA,Sundargarh,30929,334236,332328,83919
375,ORISSA,Kendujhar,15444,351422,341213,63329
376,ORISSA,Mayurbhanj,16384,526350,471379,203853
377,ORISSA,Baleshwar,44765,429564,375150,12110
378,ORISSA,Bhadrak,27423,250913,240895,3606
379,ORISSA,Kendrapara,22421,273811,264832,19468
380,ORISSA,Jagatsinghapur,31336,196259,196328,9412
381,ORISSA,Cuttack,42675,377116,352219,113881
382,ORISSA,Jajapur,35792,314340,307597,102251
383,ORISSA,Dhenkanal,14258,235281,224403,136741
384,ORISSA,Anugul,10797,238243,220483,100814
385,ORISSA,Nayagarh,8525,200544,184595,74303
386,ORISSA,Khordha,42511,258705,250638,139440
387,ORISSA,Puri,31744,285576,276566,25719
388,ORISSA,Ganjam,34086,586497,529760,182877
389,ORISSA,Gajapati,5507,107000,103919,38840
390,ORISSA,Kandhamal,5245,155340,150913,72948
391,ORISSA,Baudh,2999,99712,94643,18855
392,ORISSA,Subarnapur,3557,139161,134594,11125
393,ORISSA,Balangir,11433,384757,361251,42270
394,ORISSA,Nuapada,5031,144383,135433,11382
395,ORISSA,Kalahandi,14571,360975,354265,27010
396,ORISSA,Rayagada,11099,187123,189115,12832
397,ORISSA,Nabarangapur,15344,243052,243791,21714
398,ORISSA,Koraput,25196,263611,275191,34361
399,ORISSA,Malkangiri,6539,122891,122843,5834
400,CHHATTISGARH,Koriya,10138,113705,115096,37447
401,CHHATTISGARH,Surguja,22302,461457,387919,145838
402,CHHATTISGARH,Jashpur,4741,176844,162511,44318
403,CHHATTISGARH,Raigarh,14694,311061,289948,29740
404,CHHATTISGARH,Korba,16060,209566,198157,58597
405,CHHATTISGARH,Janjgir_-_Champa,11934,338195,318557,19332
406,CHHATTISGARH,Bilaspur,37903,479950,434298,67248
407,CHHATTISGARH,Kabeerdham,6748,158677,153218,12707
408,CHHATTISGARH,Rajnandgaon,19571,256390,231580,26347
409,CHHATTISGARH,Durg,50430,457555,439014,24867
410,CHHATTISGARH,Raipur,49829,601565,570783,53362
411,CHHATTISGARH,Mahasamund,8694,230055,207899,16604
412,CHHATTISGARH,Dhamtari,8434,139236,114644,14745
413,CHHATTISGARH,Uttar_Bastar_Kanker,6984,137031,126559,13352
414,CHHATTISGARH,Bastar,19951,258457,242886,20384
415,CHHATTISGARH,Narayanpur,1269,23599,24041,1675
416,CHHATTISGARH,Dakshin_Bastar_Dantewada,7290,94380,95758,4180
417,CHHATTISGARH,Bijapur,5689,42622,47037,2888
418,MADHYA_PRADESH,Sheopur,24008,106238,125248,10239
419,MADHYA_PRADESH,Morena,107693,178973,284640,30360
420,MADHYA_PRADESH,Bhind,106851,116349,227419,30350
421,MADHYA_PRADESH,Gwalior,75235,90758,141062,13890
422,MADHYA_PRADESH,Datia,48916,69434,123256,23591
423,MADHYA_PRADESH,Shivpuri,62263,244745,301756,99670
424,MADHYA_PRADESH,Tikamgarh,54281,203486,267599,118683
425,MADHYA_PRADESH,Chhatarpur,63023,250461,312086,138505
426,MADHYA_PRADESH,Panna,27495,186827,208695,68429
427,MADHYA_PRADESH,Sagar,143127,257576,372775,150692
428,MADHYA_PRADESH,Damoh,53749,210959,256314,90846
429,MADHYA_PRADESH,Satna,50621,357784,333711,69812
430,MADHYA_PRADESH,Rewa,51833,426949,407687,91054
431,MADHYA_PRADESH,Umaria,8411,120979,124196,52657
432,MADHYA_PRADESH,Neemuch,33971,94509,123700,43496
433,MADHYA_PRADESH,Mandsaur,70118,147245,210517,94468
434,MADHYA_PRADESH,Ratlam,60063,141691,191387,39812
435,MADHYA_PRADESH,Ujjain,98976,123305,209217,38135
436,MADHYA_PRADESH,Shajapur,94258,133478,225723,68173
437,MADHYA_PRADESH,Dewas,86378,111585,189672,37736
438,MADHYA_PRADESH,Dhar,82208,220923,289276,55563
439,MADHYA_PRADESH,Indore,70873,70057,116204,8609
440,MADHYA_PRADESH,Khargone_(West_Nimar),113124,159114,279563,40951
441,MADHYA_PRADESH,Barwani,51030,147830,193651,24931
442,MADHYA_PRADESH,Rajgarh,96712,195065,285614,115278
443,MADHYA_PRADESH,Vidisha,115469,107054,222107,37354
444,MADHYA_PRADESH,Bhopal,74735,67379,123123,12209
445,MADHYA_PRADESH,Sehore,76174,107434,169903,45152
446,MADHYA_PRADESH,Raisen,88990,120361,190106,28122
447,MADHYA_PRADESH,Betul,109309,142202,244889,62320
448,MADHYA_PRADESH,Harda,29503,39655,57880,19236
449,MADHYA_PRADESH,Hoshangabad,73330,86189,128075,33257
450,MADHYA_PRADESH,Katni,28419,214422,231410,42084
451,MADHYA_PRADESH,Jabalpur,97528,188069,214537,24053
452,MADHYA_PRADESH,Narsimhapur,62665,132624,158599,7533
453,MADHYA_PRADESH,Dindori,5856,156757,157728,54204
454,MADHYA_PRADESH,Mandla,18318,207539,214723,79381
455,MADHYA_PRADESH,Chhindwara,129456,193375,321309,97835
456,MADHYA_PRADESH,Seoni,67721,201145,243666,87938
457,MADHYA_PRADESH,Balaghat,116336,215532,319772,131251
458,MADHYA_PRADESH,Guna,71018,123022,191856,45758
459,MADHYA_PRADESH,Ashoknagar,59514,82747,143611,29938
460,MADHYA_PRADESH,Shahdol,15631,202952,203672,94914
461,MADHYA_PRADESH,Anuppur,10079,133712,137693,58087
462,MADHYA_PRADESH,Sidhi,14852,210938,218909,64000
463,MADHYA_PRADESH,Singrauli,10726,203003,208247,119140
464,MADHYA_PRADESH,Jhabua,24132,161374,182165,26754
465,MADHYA_PRADESH,Alirajpur,17086,101762,117225,13997
466,MADHYA_PRADESH,Khandwa_(East_Nimar),93683,104608,190047,50098
467,MADHYA_PRADESH,Burhanpur,56651,33751,84298,12474
468,GUJARAT,Kachchh,44400,114841,155560,10534
469,GUJARAT,Banas_Kantha,59941,332037,411435,19449
470,GUJARAT,Patan,28691,111459,140678,5572
471,GUJARAT,Mahesana,31821,135333,186903,2485
472,GUJARAT,Sabar_Kantha,50618,247403,289809,27599
473,GUJARAT,Gandhinagar,21212,94026,111761,155
474,GUJARAT,Ahmadabad,70963,199534,199006,17376
475,GUJARAT,Surendranagar,37130,149346,213756,33588
476,GUJARAT,Rajkot,33164,189183,217110,12904
477,GUJARAT,Jamnagar,34446,138437,168664,25079
478,GUJARAT,Porbandar,8440,44814,48292,15074
479,GUJARAT,Junagadh,35024,182106,202405,37903
480,GUJARAT,Amreli,23828,92914,116530,10871
481,GUJARAT,Bhavnagar,68027,167352,237853,27398
482,GUJARAT,Anand,42320,172481,191147,9141
483,GUJARAT,Kheda,58036,241175,283602,18115
484,GUJARAT,Panch_Mahals,72035,265189,320090,91728
485,GUJARAT,Dohad,47041,242427,284108,107000
486,GUJARAT,Vadodara,108542,247541,323337,16732
487,GUJARAT,Narmada,44177,56849,93231,1577
488,GUJARAT,Bharuch,69311,73438,125360,8934
489,GUJARAT,The_Dangs,14049,27746,33565,9763
490,GUJARAT,Navsari,46171,92796,117567,20273
491,GUJARAT,Valsad,62631,129360,176942,29603
492,GUJARAT,Surat,157733,149151,149810,12286
493,GUJARAT,Tapi,66942,70420,123894,12617
494,DAMAN_AND_DIU,Diu,500,1678,2012,66
495,DAMAN_AND_DIU,Daman,6654,8888,4307,78
496,DADRA_AND_NAGAR_HAVELI,Dadra_AND_Nagar_Haveli,10519,24751,29222,4170
497,MAHARASHTRA,Nandurbar,114915,109650,209071,16755
498,MAHARASHTRA,Dhule,110921,84106,192994,22861
499,MAHARASHTRA,Jalgaon,278071,126983,417552,32746
500,MAHARASHTRA,Buldana,224024,101800,343190,113493
501,MAHARASHTRA,Akola,146312,48768,194151,27953
502,MAHARASHTRA,Washim,98571,47480,166416,87105
503,MAHARASHTRA,Amravati,217004,84359,268773,43570
504,MAHARASHTRA,Wardha,87739,41718,121646,43788
505,MAHARASHTRA,Nagpur,126426,81517,218911,76380
506,MAHARASHTRA,Bhandara,61873,68285,103053,53482
507,MAHARASHTRA,Gondiya,61452,115281,134627,76525
508,MAHARASHTRA,Gadchiroli,61421,104553,176662,61997
509,MAHARASHTRA,Chandrapur,140603,120091,287872,93300
510,MAHARASHTRA,Yavatmal,258247,131629,423536,159344
511,MAHARASHTRA,Nanded,237329,150646,430610,92893
512,MAHARASHTRA,Hingoli,88837,46557,150891,43819
513,MAHARASHTRA,Parbhani,139853,90072,252348,45702
514,MAHARASHTRA,Jalna,155721,86669,239505,98790
515,MAHARASHTRA,Aurangabad,196880,120232,363645,136042
516,MAHARASHTRA,Nashik,222666,180000,453364,278657
517,MAHARASHTRA,Thane,172861,222808,346756,168043
518,MAHARASHTRA,Mumbai_Suburban,150699,109009,48898,3572
519,MAHARASHTRA,Mumbai,36613,27097,9340,273
520,MAHARASHTRA,Raigarh,46062,49300,108443,61663
521,MAHARASHTRA,Pune,278309,161305,284449,168164
522,MAHARASHTRA,Ahmadnagar,223521,216378,439033,243307
523,MAHARASHTRA,Bid,208442,170710,399231,104531
524,MAHARASHTRA,Latur,150679,93377,290582,47969
525,MAHARASHTRA,Osmanabad,121016,76948,240274,29560
526,MAHARASHTRA,Solapur,261294,160291,414793,140885
527,MAHARASHTRA,Satara,120000,64195,84568,57989
528,MAHARASHTRA,Ratnagiri,44684,45360,54952,76316
529,MAHARASHTRA,Sindhudurg,19684,23776,28945,97574
530,MAHARASHTRA,Kolhapur,79393,49814,59170,33730
531,MAHARASHTRA,Sangli,93433,67917,136062,74738
532,ANDHRA_PRADESH,Adilabad,180245,273511,446014,93294
533,ANDHRA_PRADESH,Nizamabad,174190,161943,338471,8125
534,ANDHRA_PRADESH,Karimnagar,271709,305456,518458,133499
535,ANDHRA_PRADESH,Medak,120589,244908,363300,9627
536,ANDHRA_PRADESH,Hyderabad,9546,8413,7927,913
537,ANDHRA_PRADESH,Rangareddy,72105,161788,224362,9025
538,ANDHRA_PRADESH,Mahbubnagar,228218,365719,621148,5990
539,ANDHRA_PRADESH,Nalgonda,185613,395608,512068,28731
540,ANDHRA_PRADESH,Warangal,189942,383656,491661,67830
541,ANDHRA_PRADESH,Khammam,105732,343847,379678,46922
542,ANDHRA_PRADESH,Srikakulam,28345,511234,533734,199161
543,ANDHRA_PRADESH,Vizianagaram,60019,354119,456712,73701
544,ANDHRA_PRADESH,Visakhapatnam,75065,446815,504832,81562
545,ANDHRA_PRADESH,East_Godavari,132607,537946,510602,121195
546,ANDHRA_PRADESH,West_Godavari,97912,355613,307863,20184
547,ANDHRA_PRADESH,Krishna,128403,330056,351479,87080
548,ANDHRA_PRADESH,Guntur,180459,383630,513287,67710
549,ANDHRA_PRADESH,Prakasam,185711,328758,526726,91097
550,ANDHRA_PRADESH,Sri_Potti_Sriramulu_Nellore,182478,253307,459859,51084
551,ANDHRA_PRADESH,Y.S.R.,209047,116255,370070,4347
552,ANDHRA_PRADESH,Kurnool,187708,175062,437495,17204
553,ANDHRA_PRADESH,Anantapur,222718,205194,581051,5049
554,ANDHRA_PRADESH,Chittoor,246488,267468,628364,8192
555,KARNATAKA,Belgaum,151774,183851,572611,124332
556,KARNATAKA,Bagalkot,76199,82421,252946,12682
557,KARNATAKA,Bijapur,94928,107912,297368,50159
558,KARNATAKA,Bidar,75361,98920,231111,42806
559,KARNATAKA,Raichur,97821,72708,254438,16224
560,KARNATAKA,Koppal,53737,40647,175587,5231
561,KARNATAKA,Gadag,33943,24061,148545,4690
562,KARNATAKA,Dharwad,32917,23046,146939,2403
563,KARNATAKA,Uttara_Kannada,39286,28358,122723,185103
564,KARNATAKA,Haveri,45271,36961,195222,834
565,KARNATAKA,Bellary,101933,64554,271944,4739
566,KARNATAKA,Chitradurga,63560,83444,238428,1341
567,KARNATAKA,Davanagere,61319,51212,205125,3072
568,KARNATAKA,Shimoga,44567,32390,107832,79835
569,KARNATAKA,Udupi,8985,16483,30205,166257
570,KARNATAKA,Chikmagalur,19511,25669,101934,21964
571,KARNATAKA,Tumkur,67778,116450,420408,5715
572,KARNATAKA,Bangalore,43221,46397,85396,6734
573,KARNATAKA,Mandya,21176,37904,261123,5650
574,KARNATAKA,Hassan,12709,26240,249753,9610
575,KARNATAKA,Dakshina_Kannada,11274,21229,29334,172955
576,KARNATAKA,Kodagu,10463,12768,24266,38445
577,KARNATAKA,Mysore,37512,76433,300742,7698
578,KARNATAKA,Chamarajanagar,39780,68972,181966,7018
579,KARNATAKA,Gulbarga,89312,124994,321027,46557
580,KARNATAKA,Yadgir,48703,60931,163506,22321
581,KARNATAKA,Kolar,53781,88952,175030,3002
582,KARNATAKA,Chikkaballapura,38358,92454,172302,2553
583,KARNATAKA,Bangalore_Rural,10872,23589,42177,775
584,KARNATAKA,Ramanagara,26423,37712,146310,980
585,GOA,North_Goa,14272,19109,33528,15156
586,GOA,South_Goa,12221,14593,19475,7809
587,LAKSHADWEEP,Lakshadweep,117,309,195,6942
588,KERALA,Kasaragod,6820,30801,18973,157785
589,KERALA,Kannur,9532,46193,9535,397151
590,KERALA,Wayanad,9342,38879,12336,109208
591,KERALA,Kozhikode,22819,70154,10094,396233
592,KERALA,Malappuram,23144,82426,14558,508118
593,KERALA,Palakkad,26211,116410,59099,257588
594,KERALA,Thrissur,22832,31644,10988,328453
595,KERALA,Ernakulam,24328,52123,10315,218410
596,KERALA,Idukki,10810,73160,25907,90049
597,KERALA,Kottayam,15549,63468,12340,177265
598,KERALA,Alappuzha,53710,82637,28364,179060
599,KERALA,Pathanamthitta,11868,63412,15335,138814
600,KERALA,Kollam,51525,130571,26860,331377
601,KERALA,Thiruvananthapuram,63056,215578,35020,367952
602,TAMIL_NADU,Thiruvallur,133464,151979,280985,53570
603,TAMIL_NADU,Chennai,15930,33168,6553,3500
604,TAMIL_NADU,Kancheepuram,132855,188733,323242,39231
605,TAMIL_NADU,Vellore,240563,234127,523845,26842
606,TAMIL_NADU,Tiruvannamalai,102902,331254,449825,32837
607,TAMIL_NADU,Viluppuram,125683,496584,621276,35352
608,TAMIL_NADU,Salem,176899,345077,495095,79818
609,TAMIL_NADU,Namakkal,98709,147132,209494,35099
610,TAMIL_NADU,Erode,157871,155167,275878,35671
611,TAMIL_NADU,The_Nilgiris,26836,45399,72931,15347
612,TAMIL_NADU,Dindigul,110764,206469,330624,21095
613,TAMIL_NADU,Karur,43109,119700,153234,7098
614,TAMIL_NADU,Tiruchirappalli,59769,302285,302377,12369
615,TAMIL_NADU,Perambalur,16674,92948,109778,7474
616,TAMIL_NADU,Ariyalur,10906,157985,158588,7201
617,TAMIL_NADU,Cuddalore,85176,344306,394057,8151
618,TAMIL_NADU,Nagapattinam,35519,256993,238621,5211
619,TAMIL_NADU,Thiruvarur,27218,211331,186342,860
620,TAMIL_NADU,Thanjavur,59898,329940,307799,1831
621,TAMIL_NADU,Pudukkottai,24329,278454,272449,10324
622,TAMIL_NADU,Sivaganga,25876,192110,190284,18405
623,TAMIL_NADU,Madurai,66623,246100,283179,3207
624,TAMIL_NADU,Theni,61723,65582,136873,996
625,TAMIL_NADU,Virudhunagar,64628,222337,283237,4158
626,TAMIL_NADU,Ramanathapuram,29619,198377,197472,48007
627,TAMIL_NADU,Thoothukkudi,57791,175081,213983,7483
628,TAMIL_NADU,Tirunelveli,100348,348544,353711,3638
629,TAMIL_NADU,Kanniyakumari,47817,188599,34878,65425
630,TAMIL_NADU,Dharmapuri,89072,199830,301065,59989
631,TAMIL_NADU,Krishnagiri,92796,158469,289169,21597
632,TAMIL_NADU,Coimbatore,156267,93422,209677,14470
633,TAMIL_NADU,Tiruppur,154165,107839,248181,23777
634,PONDICHERRY,Yanam,1080,1409,2229,1
635,PONDICHERRY,PONDICHERRY,32742,33121,61399,30
636,PONDICHERRY,Mahe,48,92,46,5224
637,PONDICHERRY,Karaikal,6674,15160,18107,81
638,ANDAMAN_AND_NICOBAR_ISLANDS,Nicobars,775,1497,1823,449
639,ANDAMAN_AND_NICOBAR_ISLANDS,North__AND_Middle_Andaman,4689,12246,13375,2111
640,ANDAMAN_AND_NICOBAR_ISLANDS,South_Andaman,6349,8486,10443,3634
